Workbook

Sheet Read me
A1: Furby Connect sleep-mask: trimmer sweep log
A3: Purpose
A4: Find the resistance bands the Furby accepts as personality codes, and any codes that map to nothing, by stepping R41 and R42 and logging what the Furby and app do.
A6: Model used (inferred from the schematic and your voltage table, not yet confirmed on a scope)
A7: The host pulls J5-7 low, then J5-8 low, and reads the voltage on J5-4. R62 (100k to 3V3) pulls J5-4 up, so J5-4 = Vcc x R / (R + R62), where R is R41 for the J5-7 reading and R42 for the J5-8 reading.
A9: Before you start
A10: 1. Build a test mask: your board or perfboard with R41 and R42 replaced by multi-turn trimmers (about 500k for R41, 200k for R42). Keep a fixed 1k resistor in series with each trimmer so the host never sees a dead short.
A11: 2. Optional bench check first: power the test mask from a bench 3.3 V supply, ground J5-7 with a wire, and read J5-4 with a meter. It should match column D of the sweep sheets. Repeat with J5-8 grounded. This confirms your trimmer settings without involving the Furby.
A12: 3. Confirm the model on a stock mask with a scope on J5-7, J5-8 and J5-4. You should see J5-7 and J5-8 go low one at a time while J5-4 settles between them (about 10 ms).
A14: Procedure for each row
A15: 1. Set the trimmer to the value in column B. Remove it from the circuit and measure it with a meter; record that in column C. Use the measured value, not the dial, when you read the results.
A16: 2. Fit the mask, power the Furby, and wait a few seconds. Record the voltage on J5-4 if you can (column E).
... A27: The 'nearest known code' column is only the closest known voltage. The firmware's real band edges are unknown: finding them is the point of the sweep.

Sheet Known values
A1: Known mask codes (from the voltage table you supplied)
A3: Vcc (V) | B3: 3.3 | C3: Assumed 3.3 V (schematic +3V3). The GPL162004A datasheet lists a typical AVDD of 3.0 V, so change this if readings are scaled.
A4: R62 pull-up (kΩ) | B4: 100 | C4: From schematic: R62 = 100k from +3V3 to J5-4.
A7: State | B7: App PhygitalID | C7: V at J5-4, J5-7 low (V) | D7: V at J5-4, J5-8 low (V) | E7: Implied R41 (kΩ) | F7: Implied R42 (kΩ) | G7: Suggested std R41 (kΩ) | H7: Suggested std R42 (kΩ) | I7: Gap to next code (V) | J7: Gap midpoint (V) | K7: R41 for gap midpoint (kΩ)
A8: Sleep (backup) | B8: n/a | C8: 0.173 | D8: 1.732 | E8: =$B$4*C8/($B$3-C8) -> 5.5324592 | F8: =$B$4*D8/($B$3-D8) -> 110.45918 | G8: 5.6 | H8: 110 | I8: =C9-C8 -> 0.328 | J8: =(C8+C9)/2 -> 0.337 | K8: =$B$4*J8/($B$3-J8) -> 11.373608
A9: Sleep | B9: 0 / None (assumed) | C9: 0.501 | D9: 1.732 | E9: =$B$4*C9/($B$3-C9) -> 17.89925 | F9: =$B$4*D9/($B$3-D9) -> 110.45918 | G9: 18 | H9: 110 | I9: =C10-C9 -> 0.492 | J9: =(C9+C10)/2 -> 0.747 | K9: =$B$4*J9/($B$3-J9) -> 29.259694
A10: Princess | B10: 2 | C10: 0.993 | D10: 1.72 | E10: =$B$4*C10/($B$3-C10) -> 43.042913 | F10: =$B$4*D10/($B$3-D10) -> 108.86076 | G10: 43 | H10: 110 | I10: =C11-C10 -> 0.198 | J10: =(C10+C11)/2 -> 1.092 | K10: =$B$4*J10/($B$3-J10) -> 49.456522
A11: Ninja | B11: 3 | C11: 1.191 | D11: 1.614 | E11: =$B$4*C11/($B$3-C11) -> 56.472262 | F11: =$B$4*D11/($B$3-D11) -> 95.729537 | G11: 56 | H11: 100 | I11: =C12-C11 -> 0.154 | J11: =(C11+C12)/2 -> 1.268 | K11: =$B$4*J11/($B$3-J11) -> 62.401575
A12: Popstar | B12: 6 | C12: 1.345 | D12: 1.708 | E12: =$B$4*C12/($B$3-C12) -> 68.797954 | F12: =$B$4*D12/($B$3-D12) -> 107.28643 | G12: 68 | H12: 110 | I12: =C13-C12 -> 0.316 | J12: =(C12+C13)/2 -> 1.503 | K12: =$B$4*J12/($B$3-J12) -> 83.639399
A13: Pirate | B13: 4 | C13: 1.661 | D13: 1.661 | E13: =$B$4*C13/($B$3-C13) -> 101.34228 | F13: =$B$4*D13/($B$3-D13) -> 101.34228 | G13: 100 | H13: 100 | I13: =C14-C13 -> 0.456 | J13: =(C13+C14)/2 -> 1.889 | K13: =$B$4*J13/($B$3-J13) -> 133.87668
A14: DJ | B14: 1 | C14: 2.117 | D14: 1.579 | E14: =$B$4*C14/($B$3-C14) -> 178.95182 | F14: =$B$4*D14/($B$3-D14) -> 91.748983 | G14: 180 | H14: 91 | I14: =C15-C14 -> 0.388 | J14: =(C14+C15)/2 -> 2.311 | K14: =$B$4*J14/($B$3-J14) -> 233.67037
A15: Cat | B15: 5 | C15: 2.505 | D15: 1.554 | E15: =$B$4*C15/($B$3-C15) -> 315.09434 | F15: =$B$4*D15/($B$3-D15) -> 89.003436 | G15: 330 | H15: 91
A18: Notes
A19: 1. Columns C and D are the values you supplied (blue = hardcoded input). E and F are back-calculated with R = R62 x V / (Vcc - V).
A20: 2. Model (inferred from the circuit, not confirmed on a scope): the host pulls J5-7 low and reads J5-4, then pulls J5-8 low and reads J5-4.
A21: 3. Suggested standard values (G, H) are my rounding of E and F to a nearby standard value; the J5-8 column is the least certain.
A22: 4. PhygitalIDs come from the order of the strings in the app's furbymasks file; Sleep = None = 0 is an assumption.
A23: 5. Rows must stay sorted ascending by column C, because the sweep sheet uses MATCH(...,1) on it.
A24: 6. Green cells in column I mark gaps larger than 0.4 V: the best places to look for an unused code. Column K is the R41 value that lands in the middle of each gap.

Sheet Sweep R41
A1: Sweep 1: step R41 (J5-7 reading), R42 fixed
A3: R42 fixed at (kΩ) | B3: 110 | C3: Hold R42 at a known value while you sweep R41. 110k = the Sleep board; use 100 to match Pirate.
A4: Vcc (V) / R62 (kΩ) | B4: ='Known values'!$B$3 -> 3.3 | C4: ='Known values'!$B$4 -> 100
A5: Legend: blue on yellow = you fill in; black = formula; green = linked from another sheet; grey italic row = example, delete it.
A7: Step | B7: R41 set (kΩ) | C7: Trimmer value measured out of circuit (kΩ) | D7: Expected V at J5-4, J5-7 low (V) | E7: Measured V at J5-4 (V) | F7: Error (mV) | G7: Nearest known code (by voltage) | H7: Mask / behaviour seen in the app | I7: App PhygitalID shown | J7: Needed re-seat or reboot? (Y/N) | K7: Notes
A8: EXAMPLE | B8: 100 | C8: 100.3 | D8: ='Known values'!$B$3*B8/(B8+'Known values'!$B$4) -> 1.65 | E8: 1.661 | F8: =IF(E8="","",(E8-D8)*1000) -> 11 | G8: =IF(D8<MIN('Known values'!$C$8:$C$15),INDEX('Known values'!$A$8:$A$15,1),IF(D8>=MAX('Known values'!$C$8:$C$15),INDEX('Known values'!$A$8:$A$15,ROWS('Known values'!$A$8:$A$15)),IF(D8-INDEX('Known values'!$C$8:$C$15,MATCH(D8,'Known values'!$C$8:$C$15,1))<=INDEX('Known values'!$C$8:$C$15,MATCH(D8,'Known values'!$C$8:$C$15,1)+1)-D8,INDEX('Known values'!$A$8:$A$15,MATCH(D8,'Known values'!$C$8:$C$15,1)),INDEX('Known values'!$A$8:$A$15,MATCH(D8,'Known values'!$C$8:$C$15,1)+1)))) -> Pirate | H8: Pirate transition | I8: 4 | J8: N | K8: example only - delete
A9: 1 | B9: 1 | D9: ='Known values'!$B$3*B9/(B9+'Known values'!$B$4) -> 0.032673267 | F9: =IF(E9="","",(E9-D9)*1000) | G9: =IF(D9<MIN('Known values'!$C$8:$C$15),INDEX('Known values'!$A$8:$A$15,1),IF(D9>=MAX('Known values'!$C$8:$C$15),INDEX('Known values'!$A$8:$A$15,ROWS('Known values'!$A$8:$A$15)),IF(D9-INDEX('Known values'!$C$8:$C$15,MATCH(D9,'Known values'!$C$8:$C$15,1))<=INDEX('Known values'!$C$8:$C$15,MATCH(D9,'Known values'!$C$8:$C$15,1)+1)-D9,INDEX('Known values'!$A$8:$A$15,MATCH(D9,'Known values'!$C$8:$C$15,1)),INDEX('Known values'!$A$8:$A$15,MATCH(D9,'Known values'!$C$8:$C$15,1)+1)))) -> Sleep (backup)
A10: 2 | B10: 2.2 | D10: ='Known values'!$B$3*B10/(B10+'Known values'!$B$4) -> 0.071037182 | F10: =IF(E10="","",(E10-D10)*1000) | G10: =IF(D10<MIN('Known values'!$C$8:$C$15),INDEX('Known values'!$A$8:$A$15,1),IF(D10>=MAX('Known values'!$C$8:$C$15),INDEX('Known values'!$A$8:$A$15,ROWS('Known values'!$A$8:$A$15)),IF(D10-INDEX('Known values'!$C$8:$C$15,MATCH(D10,'Known values'!$C$8:$C$15,1))<=INDEX('Known values'!$C$8:$C$15,MATCH(D10,'Known values'!$C$8:$C$15,1)+1)-D10,INDEX('Known values'!$A$8:$A$15,MATCH(D10,'Known values'!$C$8:$C$15,1)),INDEX('Known values'!$A$8:$A$15,MATCH(D10,'Known values'!$C$8:$C$15,1)+1)))) -> Sleep (backup)
A11: 3 | B11: 5.6 | D11: ='Known values'!$B$3*B11/(B11+'Known values'!$B$4) -> 0.175 | F11: =IF(E11="","",(E11-D11)*1000) | G11: =IF(D11<MIN('Known values'!$C$8:$C$15),INDEX('Known values'!$A$8:$A$15,1),IF(D11>=MAX('Known values'!$C$8:$C$15),INDEX('Known values'!$A$8:$A$15,ROWS('Known values'!$A$8:$A$15)),IF(D11-INDEX('Known values'!$C$8:$C$15,MATCH(D11,'Known values'!$C$8:$C$15,1))<=INDEX('Known values'!$C$8:$C$15,MATCH(D11,'Known values'!$C$8:$C$15,1)+1)-D11,INDEX('Known values'!$A$8:$A$15,MATCH(D11,'Known values'!$C$8:$C$15,1)),INDEX('Known values'!$A$8:$A$15,MATCH(D11,'Known values'!$C$8:$C$15,1)+1)))) -> Sleep (backup)
A12: 4 | B12: 10 | D12: ='Known values'!$B$3*B12/(B12+'Known values'!$B$4) -> 0.3 | F12: =IF(E12="","",(E12-D12)*1000) | G12: =IF(D12<MIN('Known values'!$C$8:$C$15),INDEX('Known values'!$A$8:$A$15,1),IF(D12>=MAX('Known values'!$C$8:$C$15),INDEX('Known values'!$A$8:$A$15,ROWS('Known values'!$A$8:$A$15)),IF(D12-INDEX('Known values'!$C$8:$C$15,MATCH(D12,'Known values'!$C$8:$C$15,1))<=INDEX('Known values'!$C$8:$C$15,MATCH(D12,'Known values'!$C$8:$C$15,1)+1)-D12,INDEX('Known values'!$A$8:$A$15,MATCH(D12,'Known values'!$C$8:$C$15,1)),INDEX('Known values'!$A$8:$A$15,MATCH(D12,'Known values'!$C$8:$C$15,1)+1)))) -> Sleep (backup)
A13: 5 | B13: 15 | D13: ='Known values'!$B$3*B13/(B13+'Known values'!$B$4) -> 0.43043478 | F13: =IF(E13="","",(E13-D13)*1000) | G13: =IF(D13<MIN('Known values'!$C$8:$C$15),INDEX('Known values'!$A$8:$A$15,1),IF(D13>=MAX('Known values'!$C$8:$C$15),INDEX('Known values'!$A$8:$A$15,ROWS('Known values'!$A$8:$A$15)),IF(D13-INDEX('Known values'!$C$8:$C$15,MATCH(D13,'Known values'!$C$8:$C$15,1))<=INDEX('Known values'!$C$8:$C$15,MATCH(D13,'Known values'!$C$8:$C$15,1)+1)-D13,INDEX('Known values'!$A$8:$A$15,MATCH(D13,'Known values'!$C$8:$C$15,1)),INDEX('Known values'!$A$8:$A$15,MATCH(D13,'Known values'!$C$8:$C$15,1)+1)))) -> Sleep
A14: 6 | B14: 18 | D14: ='Known values'!$B$3*B14/(B14+'Known values'!$B$4) -> 0.50338983 | F14: =IF(E14="","",(E14-D14)*1000) | G14: =IF(D14<MIN('Known values'!$C$8:$C$15),INDEX('Known values'!$A$8:$A$15,1),IF(D14>=MAX('Known values'!$C$8:$C$15),INDEX('Known values'!$A$8:$A$15,ROWS('Known values'!$A$8:$A$15)),IF(D14-INDEX('Known values'!$C$8:$C$15,MATCH(D14,'Known values'!$C$8:$C$15,1))<=INDEX('Known values'!$C$8:$C$15,MATCH(D14,'Known values'!$C$8:$C$15,1)+1)-D14,INDEX('Known values'!$A$8:$A$15,MATCH(D14,'Known values'!$C$8:$C$15,1)),INDEX('Known values'!$A$8:$A$15,MATCH(D14,'Known values'!$C$8:$C$15,1)+1)))) -> Sleep
A15: 7 | B15: 22 | D15: ='Known values'!$B$3*B15/(B15+'Known values'!$B$4) -> 0.59508197 | F15: =IF(E15="","",(E15-D15)*1000) | G15: =IF(D15<MIN('Known values'!$C$8:$C$15),INDEX('Known values'!$A$8:$A$15,1),IF(D15>=MAX('Known values'!$C$8:$C$15),INDEX('Known values'!$A$8:$A$15,ROWS('Known values'!$A$8:$A$15)),IF(D15-INDEX('Known values'!$C$8:$C$15,MATCH(D15,'Known values'!$C$8:$C$15,1))<=INDEX('Known values'!$C$8:$C$15,MATCH(D15,'Known values'!$C$8:$C$15,1)+1)-D15,INDEX('Known values'!$A$8:$A$15,MATCH(D15,'Known values'!$C$8:$C$15,1)),INDEX('Known values'!$A$8:$A$15,MATCH(D15,'Known values'!$C$8:$C$15,1)+1)))) -> Sleep
A16: 8 | B16: 27 | D16: ='Known values'!$B$3*B16/(B16+'Known values'!$B$4) -> 0.7015748 | F16: =IF(E16="","",(E16-D16)*1000) | G16: =IF(D16<MIN('Known values'!$C$8:$C$15),INDEX('Known values'!$A$8:$A$15,1),IF(D16>=MAX('Known values'!$C$8:$C$15),INDEX('Known values'!$A$8:$A$15,ROWS('Known values'!$A$8:$A$15)),IF(D16-INDEX('Known values'!$C$8:$C$15,MATCH(D16,'Known values'!$C$8:$C$15,1))<=INDEX('Known values'!$C$8:$C$15,MATCH(D16,'Known values'!$C$8:$C$15,1)+1)-D16,INDEX('Known values'!$A$8:$A$15,MATCH(D16,'Known values'!$C$8:$C$15,1)),INDEX('Known values'!$A$8:$A$15,MATCH(D16,'Known values'!$C$8:$C$15,1)+1)))) -> Sleep
A17: 9 | B17: 33 | D17: ='Known values'!$B$3*B17/(B17+'Known values'!$B$4) -> 0.81879699 | F17: =IF(E17="","",(E17-D17)*1000) | G17: =IF(D17<MIN('Known values'!$C$8:$C$15),INDEX('Known values'!$A$8:$A$15,1),IF(D17>=MAX('Known values'!$C$8:$C$15),INDEX('Known values'!$A$8:$A$15,ROWS('Known values'!$A$8:$A$15)),IF(D17-INDEX('Known values'!$C$8:$C$15,MATCH(D17,'Known values'!$C$8:$C$15,1))<=INDEX('Known values'!$C$8:$C$15,MATCH(D17,'Known values'!$C$8:$C$15,1)+1)-D17,INDEX('Known values'!$A$8:$A$15,MATCH(D17,'Known values'!$C$8:$C$15,1)),INDEX('Known values'!$A$8:$A$15,MATCH(D17,'Known values'!$C$8:$C$15,1)+1)))) -> Princess
A18: 10 | B18: 39 | D18: ='Known values'!$B$3*B18/(B18+'Known values'!$B$4) -> 0.92589928 | F18: =IF(E18="","",(E18-D18)*1000) | G18: =IF(D18<MIN('Known values'!$C$8:$C$15),INDEX('Known values'!$A$8:$A$15,1),IF(D18>=MAX('Known values'!$C$8:$C$15),INDEX('Known values'!$A$8:$A$15,ROWS('Known values'!$A$8:$A$15)),IF(D18-INDEX('Known values'!$C$8:$C$15,MATCH(D18,'Known values'!$C$8:$C$15,1))<=INDEX('Known values'!$C$8:$C$15,MATCH(D18,'Known values'!$C$8:$C$15,1)+1)-D18,INDEX('Known values'!$A$8:$A$15,MATCH(D18,'Known values'!$C$8:$C$15,1)),INDEX('Known values'!$A$8:$A$15,MATCH(D18,'Known values'!$C$8:$C$15,1)+1)))) -> Princess
A19: 11 | B19: 43 | D19: ='Known values'!$B$3*B19/(B19+'Known values'!$B$4) -> 0.99230769 | F19: =IF(E19="","",(E19-D19)*1000) | G19: =IF(D19<MIN('Known values'!$C$8:$C$15),INDEX('Known values'!$A$8:$A$15,1),IF(D19>=MAX('Known values'!$C$8:$C$15),INDEX('Known values'!$A$8:$A$15,ROWS('Known values'!$A$8:$A$15)),IF(D19-INDEX('Known values'!$C$8:$C$15,MATCH(D19,'Known values'!$C$8:$C$15,1))<=INDEX('Known values'!$C$8:$C$15,MATCH(D19,'Known values'!$C$8:$C$15,1)+1)-D19,INDEX('Known values'!$A$8:$A$15,MATCH(D19,'Known values'!$C$8:$C$15,1)),INDEX('Known values'!$A$8:$A$15,MATCH(D19,'Known values'!$C$8:$C$15,1)+1)))) -> Princess
A20: 12 | B20: 47 | D20: ='Known values'!$B$3*B20/(B20+'Known values'!$B$4) -> 1.055102 | F20: =IF(E20="","",(E20-D20)*1000) | G20: =IF(D20<MIN('Known values'!$C$8:$C$15),INDEX('Known values'!$A$8:$A$15,1),IF(D20>=MAX('Known values'!$C$8:$C$15),INDEX('Known values'!$A$8:$A$15,ROWS('Known values'!$A$8:$A$15)),IF(D20-INDEX('Known values'!$C$8:$C$15,MATCH(D20,'Known values'!$C$8:$C$15,1))<=INDEX('Known values'!$C$8:$C$15,MATCH(D20,'Known values'!$C$8:$C$15,1)+1)-D20,INDEX('Known values'!$A$8:$A$15,MATCH(D20,'Known values'!$C$8:$C$15,1)),INDEX('Known values'!$A$8:$A$15,MATCH(D20,'Known values'!$C$8:$C$15,1)+1)))) -> Princess
... A40: 32 | B40: 1000 | D40: ='Known values'!$B$3*B40/(B40+'Known values'!$B$4) -> 3 | F40: =IF(E40="","",(E40-D40)*1000) | G40: =IF(D40<MIN('Known values'!$C$8:$C$15),INDEX('Known values'!$A$8:$A$15,1),IF(D40>=MAX('Known values'!$C$8:$C$15),INDEX('Known values'!$A$8:$A$15,ROWS('Known values'!$A$8:$A$15)),IF(D40-INDEX('Known values'!$C$8:$C$15,MATCH(D40,'Known values'!$C$8:$C$15,1))<=INDEX('Known values'!$C$8:$C$15,MATCH(D40,'Known values'!$C$8:$C$15,1)+1)-D40,INDEX('Known values'!$A$8:$A$15,MATCH(D40,'Known values'!$C$8:$C$15,1)),INDEX('Known values'!$A$8:$A$15,MATCH(D40,'Known values'!$C$8:$C$15,1)+1)))) -> Cat
A41: open (no R41) | B41: 1000000 | D41: ='Known values'!$B$3*B41/(B41+'Known values'!$B$4) -> 3.29967 | F41: =IF(E41="","",(E41-D41)*1000) | G41: =IF(D41<MIN('Known values'!$C$8:$C$15),INDEX('Known values'!$A$8:$A$15,1),IF(D41>=MAX('Known values'!$C$8:$C$15),INDEX('Known values'!$A$8:$A$15,ROWS('Known values'!$A$8:$A$15)),IF(D41-INDEX('Known values'!$C$8:$C$15,MATCH(D41,'Known values'!$C$8:$C$15,1))<=INDEX('Known values'!$C$8:$C$15,MATCH(D41,'Known values'!$C$8:$C$15,1)+1)-D41,INDEX('Known values'!$A$8:$A$15,MATCH(D41,'Known values'!$C$8:$C$15,1)),INDEX('Known values'!$A$8:$A$15,MATCH(D41,'Known values'!$C$8:$C$15,1)+1)))) -> Cat
A42: gap 1 | B42: ='Known values'!K8 -> 11.373608 | D42: ='Known values'!$B$3*B42/(B42+'Known values'!$B$4) -> 0.337 | F42: =IF(E42="","",(E42-D42)*1000) | G42: =IF(D42<MIN('Known values'!$C$8:$C$15),INDEX('Known values'!$A$8:$A$15,1),IF(D42>=MAX('Known values'!$C$8:$C$15),INDEX('Known values'!$A$8:$A$15,ROWS('Known values'!$A$8:$A$15)),IF(D42-INDEX('Known values'!$C$8:$C$15,MATCH(D42,'Known values'!$C$8:$C$15,1))<=INDEX('Known values'!$C$8:$C$15,MATCH(D42,'Known values'!$C$8:$C$15,1)+1)-D42,INDEX('Known values'!$A$8:$A$15,MATCH(D42,'Known values'!$C$8:$C$15,1)),INDEX('Known values'!$A$8:$A$15,MATCH(D42,'Known values'!$C$8:$C$15,1)+1)))) -> Sleep (backup)
A43: gap 2 | B43: ='Known values'!K9 -> 29.259694 | D43: ='Known values'!$B$3*B43/(B43+'Known values'!$B$4) -> 0.747 | F43: =IF(E43="","",(E43-D43)*1000) | G43: =IF(D43<MIN('Known values'!$C$8:$C$15),INDEX('Known values'!$A$8:$A$15,1),IF(D43>=MAX('Known values'!$C$8:$C$15),INDEX('Known values'!$A$8:$A$15,ROWS('Known values'!$A$8:$A$15)),IF(D43-INDEX('Known values'!$C$8:$C$15,MATCH(D43,'Known values'!$C$8:$C$15,1))<=INDEX('Known values'!$C$8:$C$15,MATCH(D43,'Known values'!$C$8:$C$15,1)+1)-D43,INDEX('Known values'!$A$8:$A$15,MATCH(D43,'Known values'!$C$8:$C$15,1)),INDEX('Known values'!$A$8:$A$15,MATCH(D43,'Known values'!$C$8:$C$15,1)+1)))) -> Sleep
A44: gap 3 | B44: ='Known values'!K10 -> 49.456522 | D44: ='Known values'!$B$3*B44/(B44+'Known values'!$B$4) -> 1.092 | F44: =IF(E44="","",(E44-D44)*1000) | G44: =IF(D44<MIN('Known values'!$C$8:$C$15),INDEX('Known values'!$A$8:$A$15,1),IF(D44>=MAX('Known values'!$C$8:$C$15),INDEX('Known values'!$A$8:$A$15,ROWS('Known values'!$A$8:$A$15)),IF(D44-INDEX('Known values'!$C$8:$C$15,MATCH(D44,'Known values'!$C$8:$C$15,1))<=INDEX('Known values'!$C$8:$C$15,MATCH(D44,'Known values'!$C$8:$C$15,1)+1)-D44,INDEX('Known values'!$A$8:$A$15,MATCH(D44,'Known values'!$C$8:$C$15,1)),INDEX('Known values'!$A$8:$A$15,MATCH(D44,'Known values'!$C$8:$C$15,1)+1)))) -> Princess
A45: gap 4 | B45: ='Known values'!K11 -> 62.401575 | D45: ='Known values'!$B$3*B45/(B45+'Known values'!$B$4) -> 1.268 | F45: =IF(E45="","",(E45-D45)*1000) | G45: =IF(D45<MIN('Known values'!$C$8:$C$15),INDEX('Known values'!$A$8:$A$15,1),IF(D45>=MAX('Known values'!$C$8:$C$15),INDEX('Known values'!$A$8:$A$15,ROWS('Known values'!$A$8:$A$15)),IF(D45-INDEX('Known values'!$C$8:$C$15,MATCH(D45,'Known values'!$C$8:$C$15,1))<=INDEX('Known values'!$C$8:$C$15,MATCH(D45,'Known values'!$C$8:$C$15,1)+1)-D45,INDEX('Known values'!$A$8:$A$15,MATCH(D45,'Known values'!$C$8:$C$15,1)),INDEX('Known values'!$A$8:$A$15,MATCH(D45,'Known values'!$C$8:$C$15,1)+1)))) -> Ninja
A46: gap 5 | B46: ='Known values'!K12 -> 83.639399 | D46: ='Known values'!$B$3*B46/(B46+'Known values'!$B$4) -> 1.503 | F46: =IF(E46="","",(E46-D46)*1000) | G46: =IF(D46<MIN('Known values'!$C$8:$C$15),INDEX('Known values'!$A$8:$A$15,1),IF(D46>=MAX('Known values'!$C$8:$C$15),INDEX('Known values'!$A$8:$A$15,ROWS('Known values'!$A$8:$A$15)),IF(D46-INDEX('Known values'!$C$8:$C$15,MATCH(D46,'Known values'!$C$8:$C$15,1))<=INDEX('Known values'!$C$8:$C$15,MATCH(D46,'Known values'!$C$8:$C$15,1)+1)-D46,INDEX('Known values'!$A$8:$A$15,MATCH(D46,'Known values'!$C$8:$C$15,1)),INDEX('Known values'!$A$8:$A$15,MATCH(D46,'Known values'!$C$8:$C$15,1)+1)))) -> Popstar
A47: gap 6 | B47: ='Known values'!K13 -> 133.87668 | D47: ='Known values'!$B$3*B47/(B47+'Known values'!$B$4) -> 1.889 | F47: =IF(E47="","",(E47-D47)*1000) | G47: =IF(D47<MIN('Known values'!$C$8:$C$15),INDEX('Known values'!$A$8:$A$15,1),IF(D47>=MAX('Known values'!$C$8:$C$15),INDEX('Known values'!$A$8:$A$15,ROWS('Known values'!$A$8:$A$15)),IF(D47-INDEX('Known values'!$C$8:$C$15,MATCH(D47,'Known values'!$C$8:$C$15,1))<=INDEX('Known values'!$C$8:$C$15,MATCH(D47,'Known values'!$C$8:$C$15,1)+1)-D47,INDEX('Known values'!$A$8:$A$15,MATCH(D47,'Known values'!$C$8:$C$15,1)),INDEX('Known values'!$A$8:$A$15,MATCH(D47,'Known values'!$C$8:$C$15,1)+1)))) -> Pirate
A48: gap 7 | B48: ='Known values'!K14 -> 233.67037 | D48: ='Known values'!$B$3*B48/(B48+'Known values'!$B$4) -> 2.311 | F48: =IF(E48="","",(E48-D48)*1000) | G48: =IF(D48<MIN('Known values'!$C$8:$C$15),INDEX('Known values'!$A$8:$A$15,1),IF(D48>=MAX('Known values'!$C$8:$C$15),INDEX('Known values'!$A$8:$A$15,ROWS('Known values'!$A$8:$A$15)),IF(D48-INDEX('Known values'!$C$8:$C$15,MATCH(D48,'Known values'!$C$8:$C$15,1))<=INDEX('Known values'!$C$8:$C$15,MATCH(D48,'Known values'!$C$8:$C$15,1)+1)-D48,INDEX('Known values'!$A$8:$A$15,MATCH(D48,'Known values'!$C$8:$C$15,1)),INDEX('Known values'!$A$8:$A$15,MATCH(D48,'Known values'!$C$8:$C$15,1)+1)))) -> DJ
A50: Rows 'gap 1-7' are the R41 values that land midway between neighbouring known codes (from the Known values sheet): the most likely places to find an unused or undefined code.

Sheet Sweep R42
A1: Sweep 2: step R42 (J5-8 reading), R41 fixed
A3: R41 fixed at (kΩ) | B3: 100 | C3: Hold R41 at a known personality value while you sweep R42. 100k = Pirate; choose another from the Known values sheet.
A4: Vcc (V) / R62 (kΩ) | B4: ='Known values'!$B$3 -> 3.3 | C4: ='Known values'!$B$4 -> 100
A5: Legend: blue on yellow = you fill in; black = formula; green = linked from another sheet; grey italic row = example, delete it.
A7: Step | B7: R42 set (kΩ) | C7: Trimmer value measured out of circuit (kΩ) | D7: Expected V at J5-4, J5-8 low (V) | E7: Measured V at J5-4 (V) | F7: Error (mV) | G7: Mask / behaviour seen in the app | H7: App PhygitalID shown | I7: Needed re-seat or reboot? (Y/N) | J7: Notes
A8: EXAMPLE | B8: 110 | C8: 109.8 | D8: ='Known values'!$B$3*B8/(B8+'Known values'!$B$4) -> 1.7285714 | E8: 1.732 | F8: =IF(E8="","",(E8-D8)*1000) -> 3.4285714 | G8: Sleep (no change) | H8: 0 | I8: N | J8: example only - delete
A9: 1 | B9: 50 | D9: ='Known values'!$B$3*B9/(B9+'Known values'!$B$4) -> 1.1 | F9: =IF(E9="","",(E9-D9)*1000)
A10: 2 | B10: 60 | D10: ='Known values'!$B$3*B10/(B10+'Known values'!$B$4) -> 1.2375 | F10: =IF(E10="","",(E10-D10)*1000)
A11: 3 | B11: 70 | D11: ='Known values'!$B$3*B11/(B11+'Known values'!$B$4) -> 1.3588235 | F11: =IF(E11="","",(E11-D11)*1000)
A12: 4 | B12: 80 | D12: ='Known values'!$B$3*B12/(B12+'Known values'!$B$4) -> 1.4666667 | F12: =IF(E12="","",(E12-D12)*1000)
A13: 5 | B13: 85 | D13: ='Known values'!$B$3*B13/(B13+'Known values'!$B$4) -> 1.5162162 | F13: =IF(E13="","",(E13-D13)*1000)
A14: 6 | B14: 88.7 | D14: ='Known values'!$B$3*B14/(B14+'Known values'!$B$4) -> 1.5511924 | F14: =IF(E14="","",(E14-D14)*1000)
A15: 7 | B15: 90.9 | D15: ='Known values'!$B$3*B15/(B15+'Known values'!$B$4) -> 1.5713463 | F15: =IF(E15="","",(E15-D15)*1000)
A16: 8 | B16: 95.3 | D16: ='Known values'!$B$3*B16/(B16+'Known values'!$B$4) -> 1.6102919 | F16: =IF(E16="","",(E16-D16)*1000)
A17: 9 | B17: 100 | D17: ='Known values'!$B$3*B17/(B17+'Known values'!$B$4) -> 1.65 | F17: =IF(E17="","",(E17-D17)*1000)
A18: 10 | B18: 102 | D18: ='Known values'!$B$3*B18/(B18+'Known values'!$B$4) -> 1.6663366 | F18: =IF(E18="","",(E18-D18)*1000)
A19: 11 | B19: 105 | D19: ='Known values'!$B$3*B19/(B19+'Known values'!$B$4) -> 1.6902439 | F19: =IF(E19="","",(E19-D19)*1000)
A20: 12 | B20: 107 | D20: ='Known values'!$B$3*B20/(B20+'Known values'!$B$4) -> 1.7057971 | F20: =IF(E20="","",(E20-D20)*1000)
... A27: 19 | B27: 300 | D27: ='Known values'!$B$3*B27/(B27+'Known values'!$B$4) -> 2.475 | F27: =IF(E27="","",(E27-D27)*1000)
A28: open (no R42) | B28: 1000000 | D28: ='Known values'!$B$3*B28/(B28+'Known values'!$B$4) -> 3.29967 | F28: =IF(E28="","",(E28-D28)*1000)

Sheet Tolerance
A1: Tolerance test: how far can a resistor drift before the code changes?
A3: Personality to test | B3: Pirate | C3: Pick from the list. Nominal R41 and R42 come from the implied values on the Known values sheet.
A4: Nominal R41 (kΩ) | B4: =INDEX('Known values'!$E$8:$E$15,MATCH($B$3,'Known values'!$A$8:$A$15,0)) -> 101.34228
A5: Nominal R42 (kΩ) | B5: =INDEX('Known values'!$F$8:$F$15,MATCH($B$3,'Known values'!$A$8:$A$15,0)) -> 101.34228
A7: Block A: vary R41, keep R42 at nominal | C7: Set R42 to its nominal value first (measure it out of circuit).
A8: Step | B8: % of nominal | C8: Resistor set (kΩ) | D8: Expected V (V) | E8: Shift from nominal (mV) | F8: Measured V (V) | G8: Same code as nominal? (Y/N) | H8: App PhygitalID shown | I8: Notes
A9: 1 | B9: 90 | C9: =$B$4*B9/100 -> 91.208054 | D9: ='Known values'!$B$3*C9/(C9+'Known values'!$B$4) -> 1.5741313 | E9: =(D9-('Known values'!$B$3*$B$4/($B$4+'Known values'!$B$4)))*1000 -> -86.868726
A10: 2 | B10: 92 | C10: =$B$4*B10/100 -> 93.234899 | D10: ='Known values'!$B$3*C10/(C10+'Known values'!$B$4) -> 1.592234 | E10: =(D10-('Known values'!$B$3*$B$4/($B$4+'Known values'!$B$4)))*1000 -> -68.766046
A11: 3 | B11: 94 | C11: =$B$4*B11/100 -> 95.261745 | D11: ='Known values'!$B$3*C11/(C11+'Known values'!$B$4) -> 1.6099608 | E11: =(D11-('Known values'!$B$3*$B$4/($B$4+'Known values'!$B$4)))*1000 -> -51.039183
A12: 4 | B12: 96 | C12: =$B$4*B12/100 -> 97.288591 | D12: ='Known values'!$B$3*C12/(C12+'Known values'!$B$4) -> 1.6273234 | E12: =(D12-('Known values'!$B$3*$B$4/($B$4+'Known values'!$B$4)))*1000 -> -33.676555
A13: 5 | B13: 97 | C13: =$B$4*B13/100 -> 98.302013 | D13: ='Known values'!$B$3*C13/(C13+'Known values'!$B$4) -> 1.6358717 | E13: =(D13-('Known values'!$B$3*$B$4/($B$4+'Known values'!$B$4)))*1000 -> -25.128338
A14: 6 | B14: 98 | C14: =$B$4*B14/100 -> 99.315436 | D14: ='Known values'!$B$3*C14/(C14+'Known values'!$B$4) -> 1.644333 | E14: =(D14-('Known values'!$B$3*$B$4/($B$4+'Known values'!$B$4)))*1000 -> -16.667048
A15: 7 | B15: 99 | C15: =$B$4*B15/100 -> 100.32886 | D15: ='Known values'!$B$3*C15/(C15+'Known values'!$B$4) -> 1.6527086 | E15: =(D15-('Known values'!$B$3*$B$4/($B$4+'Known values'!$B$4)))*1000 -> -8.2913665
A16: 8 | B16: 100 | C16: =$B$4*B16/100 -> 101.34228 | D16: ='Known values'!$B$3*C16/(C16+'Known values'!$B$4) -> 1.661 | E16: =(D16-('Known values'!$B$3*$B$4/($B$4+'Known values'!$B$4)))*1000 -> 0
A17: 9 | B17: 101 | C17: =$B$4*B17/100 -> 102.3557 | D17: ='Known values'!$B$3*C17/(C17+'Known values'!$B$4) -> 1.6692083 | E17: =(D17-('Known values'!$B$3*$B$4/($B$4+'Known values'!$B$4)))*1000 -> 8.2083181
A18: 10 | B18: 102 | C18: =$B$4*B18/100 -> 103.36913 | D18: ='Known values'!$B$3*C18/(C18+'Known values'!$B$4) -> 1.6773348 | E18: =(D18-('Known values'!$B$3*$B$4/($B$4+'Known values'!$B$4)))*1000 -> 16.334829
A19: 11 | B19: 103 | C19: =$B$4*B19/100 -> 104.38255 | D19: ='Known values'!$B$3*C19/(C19+'Known values'!$B$4) -> 1.6853808 | E19: =(D19-('Known values'!$B$3*$B$4/($B$4+'Known values'!$B$4)))*1000 -> 24.380751
A20: 12 | B20: 104 | C20: =$B$4*B20/100 -> 105.39597 | D20: ='Known values'!$B$3*C20/(C20+'Known values'!$B$4) -> 1.6933473 | E20: =(D20-('Known values'!$B$3*$B$4/($B$4+'Known values'!$B$4)))*1000 -> 32.347275
... A23: 15 | B23: 110 | C23: =$B$4*B23/100 -> 111.47651 | D23: ='Known values'!$B$3*C23/(C23+'Known values'!$B$4) -> 1.739543 | E23: =(D23-('Known values'!$B$3*$B$4/($B$4+'Known values'!$B$4)))*1000 -> 78.543002
A26: Block B: vary R42, keep R41 at nominal | C26: Set R41 to its nominal value first (measure it out of circuit).
A27: Step | B27: % of nominal | C27: Resistor set (kΩ) | D27: Expected V (V) | E27: Shift from nominal (mV) | F27: Measured V (V) | G27: Same code as nominal? (Y/N) | H27: App PhygitalID shown | I27: Notes
A28: 1 | B28: 90 | C28: =$B$5*B28/100 -> 91.208054 | D28: ='Known values'!$B$3*C28/(C28+'Known values'!$B$4) -> 1.5741313 | E28: =(D28-('Known values'!$B$3*$B$5/($B$5+'Known values'!$B$4)))*1000 -> -86.868726
A29: 2 | B29: 92 | C29: =$B$5*B29/100 -> 93.234899 | D29: ='Known values'!$B$3*C29/(C29+'Known values'!$B$4) -> 1.592234 | E29: =(D29-('Known values'!$B$3*$B$5/($B$5+'Known values'!$B$4)))*1000 -> -68.766046
A30: 3 | B30: 94 | C30: =$B$5*B30/100 -> 95.261745 | D30: ='Known values'!$B$3*C30/(C30+'Known values'!$B$4) -> 1.6099608 | E30: =(D30-('Known values'!$B$3*$B$5/($B$5+'Known values'!$B$4)))*1000 -> -51.039183
A31: 4 | B31: 96 | C31: =$B$5*B31/100 -> 97.288591 | D31: ='Known values'!$B$3*C31/(C31+'Known values'!$B$4) -> 1.6273234 | E31: =(D31-('Known values'!$B$3*$B$5/($B$5+'Known values'!$B$4)))*1000 -> -33.676555
A32: 5 | B32: 97 | C32: =$B$5*B32/100 -> 98.302013 | D32: ='Known values'!$B$3*C32/(C32+'Known values'!$B$4) -> 1.6358717 | E32: =(D32-('Known values'!$B$3*$B$5/($B$5+'Known values'!$B$4)))*1000 -> -25.128338
A33: 6 | B33: 98 | C33: =$B$5*B33/100 -> 99.315436 | D33: ='Known values'!$B$3*C33/(C33+'Known values'!$B$4) -> 1.644333 | E33: =(D33-('Known values'!$B$3*$B$5/($B$5+'Known values'!$B$4)))*1000 -> -16.667048
A34: 7 | B34: 99 | C34: =$B$5*B34/100 -> 100.32886 | D34: ='Known values'!$B$3*C34/(C34+'Known values'!$B$4) -> 1.6527086 | E34: =(D34-('Known values'!$B$3*$B$5/($B$5+'Known values'!$B$4)))*1000 -> -8.2913665
A35: 8 | B35: 100 | C35: =$B$5*B35/100 -> 101.34228 | D35: ='Known values'!$B$3*C35/(C35+'Known values'!$B$4) -> 1.661 | E35: =(D35-('Known values'!$B$3*$B$5/($B$5+'Known values'!$B$4)))*1000 -> 0
A36: 9 | B36: 101 | C36: =$B$5*B36/100 -> 102.3557 | D36: ='Known values'!$B$3*C36/(C36+'Known values'!$B$4) -> 1.6692083 | E36: =(D36-('Known values'!$B$3*$B$5/($B$5+'Known values'!$B$4)))*1000 -> 8.2083181
A37: 10 | B37: 102 | C37: =$B$5*B37/100 -> 103.36913 | D37: ='Known values'!$B$3*C37/(C37+'Known values'!$B$4) -> 1.6773348 | E37: =(D37-('Known values'!$B$3*$B$5/($B$5+'Known values'!$B$4)))*1000 -> 16.334829
A38: 11 | B38: 103 | C38: =$B$5*B38/100 -> 104.38255 | D38: ='Known values'!$B$3*C38/(C38+'Known values'!$B$4) -> 1.6853808 | E38: =(D38-('Known values'!$B$3*$B$5/($B$5+'Known values'!$B$4)))*1000 -> 24.380751
A39: 12 | B39: 104 | C39: =$B$5*B39/100 -> 105.39597 | D39: ='Known values'!$B$3*C39/(C39+'Known values'!$B$4) -> 1.6933473 | E39: =(D39-('Known values'!$B$3*$B$5/($B$5+'Known values'!$B$4)))*1000 -> 32.347275
... A42: 15 | B42: 110 | C42: =$B$5*B42/100 -> 111.47651 | D42: ='Known values'!$B$3*C42/(C42+'Known values'!$B$4) -> 1.739543 | E42: =(D42-('Known values'!$B$3*$B$5/($B$5+'Known values'!$B$4)))*1000 -> 78.543002
